id,source,simp_count,text_id,LiNT_orig,words_orig,sentences_orig,paragraphs_orig,LiNT_simp,words_simp,sentences_simp,paragraphs_simp,text
RP_2_5,RP,2,5,71.8247,191,9,3,33.9117,194,13,10,"{'<span>Originele tekst</span>': 'Abstract<br>Hart- en vaatziekten vormen nog altijd de belangrijkste oorzaak van ziekte en sterfte in Nederland en de westerse wereld. De dalende tendens in het sterftecijfer is onder andere het gevolg van sterke verbeteringen in de preventieve en curatieve zorg. Preventie van hart- en vaatziekten wordt in toenemende mate volgens de richtlijnen uitgevoerd, ook al is nog veel voor verbetering vatbaar. Tevens zijn er verbeterde medicijnen en behandelingstechnieken beschikbaar gekomen. In Nederland is bijvoorbeeld de organisatie erop gericht om bij patiënten met een acuut hartinfarct het betrokken bloedvat zo snel mogelijk doorgankelijk te maken door middel van transport naar een centrum waar een dotterbehandeling kan worden uitgevoerd.<br><br><span style=\'visibility:hidden\'>//</span><br><span style=\'visibility:hidden\'>//</span><br><span style=\'visibility:hidden\'>//</span><br>Hart- en vaatziekten omvatten een groot aantal ziektebeelden, waarbij een belangrijke groep gevormd wordt door de coronaire ofwel ischemische hartziekten. Bij de overige hartafwijkingen zijn hypertensie, hartklepafwijkingen, hartritmestoornissen, aangeboren hartafwijkingen en cardiomyopathieën de belangrijkste. Het is duidelijk dat bij het ontstaan van ischemische hartziekte de voeding, en vooral de inneming van bepaalde vetzuren, een belangrijke rol speelt. Bij de meeste overige hartziekten is het belang van voeding beperkt tot maatregelen om de verschijnselen en/of klachten waarmee de afwijking gepaard gaat zoveel mogelijk te beperken.', '<span>Versimpelde tekst</span>': '<span style=\'visibility:hidden\'>//</span><br>Hart- en vaatziekten zijn nog steeds de belangrijkste oorzaak waarom mensen ziek worden en overlijden in Nederland en andere westerse landen. Steeds minder mensen overlijden aan deze ziekten. Dit komt doordat artsen ziekten beter kunnen voorkomen en behandelen. Artsen gebruiken steeds vaker vaste regels om hart- en vaatziekten te voorkomen. Dit kan nog wel beter.<br><br>Er zijn nu betere medicijnen en behandelingen. Een goed voorbeeld is hoe artsen mensen helpen die plotseling een hartinfarct (verstopping van een bloedvat in het hart) krijgen. In Nederland brengen ambulances deze patiënten meteen naar een ziekenhuis waar artsen een dotterbehandeling kunnen doen. Bij een dotterbehandeling maken artsen een verstopt bloedvat in het hart weer open.<br><br>Dit zijn de verschillende soorten hart- en vaatziekten:<br>- Kransslagaderziekten (vernauwing van de bloedvaten rond het hart)<br>- Hoge bloeddruk<br>- Hartklepafwijkingen (problemen met de kleppen in het hart)<br>- Hartritmestoornissen (onregelmatige hartslag)<br>- Aangeboren hartafwijkingen (hartproblemen waar iemand mee geboren wordt)<br>- Ziekten van de hartspier (ook wel cardiomyopathieën genoemd)<br><br>Wat u eet is heel belangrijk bij kransslagaderziekten. Vooral het soort vet in uw voeding maakt veel verschil. Bij andere hartziekten is voeding minder belangrijk. Dan helpt goede voeding vooral om minder last te hebben van de klachten.'}"
RP_2_4,RP,2,4,67.2971,251,10,2,38.9497,262,21,7,"{'<span>Originele tekst</span>': 'Het plotseling en onverwachte overlijden van een jong iemand is altijd een meer dan dramatische gebeurtenis voor alle directbetrokkenen. Behalve het grote verdriet is er voor directe familieleden en/of de huisarts ook het onrustige gevoel dat een en ander mogelijk erfelijk bepaald is. Inderdaad wordt in toenemende mate duidelijk dat plotseling overlijden op jonge leeftijd niet zelden het gevolg is van een erfelijke hartziekte.<br>Bijna 1 op de 5 Nederlanders wordt getroffen door een plotselinge dood en deze wordt zowel op jonge als op oudere leeftijd meestal veroorzaakt door een hartritmestoornis. Op oudere leeftijd (ouder dan 40-45 jaar) is ischemisch hartlijden bijna altijd de onderliggende oorzaak, op jongere leeftijd is er een aantal mogelijk oorzakelijke andere hartziekten.<br><span style=\'visibility:hidden\'>//</span><br><span style=\'visibility:hidden\'>//</span><br>Pathologische studies op jong overledenen leveren een scala aan aandoeningen op waarvan tot 70% een potentieel erfelijke basis heeft. Dit is inclusief premature atherosclerose, die op deze leeftijd meestal berust op een genetisch bepaalde stoornis in de lipidehuishouding (zoals familiaire hypercholesterolemie), en een aantal erfelijke cardiomyopathieën. Voor de laatste groep ziekten alsmede voor de veel zeldzamere primaire erfelijke hartritmestoornissen, zoals het lange QT-intervalsyndroom, werd reeds eerder in dit tijdschrift aandacht gevraagd. De nadruk lag destijds op de mogelijkheden van klinisch en moleculairgenetisch onderzoek bij familieleden; nu zal, naar aanleiding van casuïstiek, aandacht worden gevraagd voor het belang van moleculaire pathologie, dat wil zeggen moleculairgenetisch onderzoek (DNA-diagnostiek) bij de overledene. Ook zal blijken dat de mogelijkheden in de afgelopen jaren belangrijk zijn toegenomen, met name bij hypertrofische cardiomyopathie (HCM), het onderwerp van deze klinische les.', '<span>Versimpelde tekst</span>': 'Als iemand jong en onverwacht overlijdt, is dit heel zwaar voor familie en andere naasten. Naast het grote verdriet maken familieleden en huisartsen zich vaak zorgen of de oorzaak erfelijk is. We weten nu steeds beter dat plotseling overlijden op jonge leeftijd vaak komt door een erfelijke hartziekte.<br><br><span style=\'visibility:hidden\'>//</span><br>Bijna 1 op de 5 Nederlanders overlijdt plotseling. Dit komt meestal door een hartritmestoornis (het hart klopt dan niet in het juiste ritme). Bij mensen ouder dan 40-45 jaar komt dit meestal doordat er te weinig bloed naar het hart stroomt. Dit gebeurt door vernauwde kransslagaders (de bloedvaten die het hart van bloed voorzien). Bij jongere mensen zijn er verschillende andere hartziekten die plotseling overlijden kunnen veroorzaken.<br><br>Uit onderzoek bij jong overleden mensen blijkt dat verschillende hartaandoeningen een rol spelen. Bij 70% van deze aandoeningen is de oorzaak erfelijk. Dit zijn de meest voorkomende erfelijke hartaandoeningen:<br>- Het hart en de bloedvaten kunnen te vroeg verkalken. Dit komt meestal door een erfelijke stoornis in de vetstofwisseling, zoals een erfelijk verhoogd cholesterol.<br>- De hartspier kan erfelijk verzwakt zijn. Dit noemen we erfelijke hartspierziekten (cardiomyopathieën).<br>- Er bestaan zeldzame erfelijke hartritmestoornissen. Een voorbeeld hiervan is het lange QT-intervalsyndroom (hierbij werkt de elektrische activiteit van het hart niet goed).<br><br>We hebben eerder uitgelegd hoe we familieleden kunnen onderzoeken op deze aandoeningen. Nu leggen we uit waarom het belangrijk is om bij de overleden persoon DNA-onderzoek te doen. Artsen kunnen tegenwoordig veel beter DNA-onderzoek uitvoeren dan vroeger. Dit geldt vooral voor hypertrofische cardiomyopathie (een erfelijke ziekte waarbij de hartspier te dik wordt). In dit artikel vertellen we hier meer over.'}"
RP_2_3,RP,2,3,73.4052,192,8,1,39.3242,298,17,14,"{'<span>Originele tekst</span>': 'Plotseling overlijden op jonge leeftijd (40 jaar of jonger) is niet zelden het gevolg van een hartritmestoornis (ventrikelfibrilleren) bij een erfelijke hartziekte.<br><span style=\'visibility:hidden\'>//</span><br><span style=\'visibility:hidden\'>//</span><br><span style=\'visibility:hidden\'>//</span><br>Op basis van postmortale pathologische studies worden cardiale aandoeningen gediagnosticeerd die in 50 tot 70% een potentieel erfelijke basis hebben.<br><span style=\'visibility:hidden\'>//</span><br><span style=\'visibility:hidden\'>//</span><br><span style=\'visibility:hidden\'>//</span><br><span style=\'visibility:hidden\'>//</span><br>In een onderzoek uit Israël, gepubliceerd in 1981, waarin 138 patiënten (tussen 9 en 39 jaar oud) postmortaal werden onderzocht, werd coronarialijden (berustend op premature atherosclerose) bij 43% van de patiënten vastgesteld, een HCM bij 11% en een normaal hart (en geen duidelijke doodsoorzaak elders in het lichaam, nagenoeg bewijzend voor een primair ventriculaire ritmestoornis als doodsoorzaak) bij 14% van de patiënten.<br><span style=\'visibility:hidden\'>//</span><br><span style=\'visibility:hidden\'>//</span><br><span style=\'visibility:hidden\'>//</span><br><span style=\'visibility:hidden\'>//</span><br><span style=\'visibility:hidden\'>//</span><br>In een recenter onderzoek uit Italië bij 273 patiënten (tussen 1 en 35 jaar) zijn deze percentages respectievelijk 21, 4 en 6. In deze studie wordt ook bij 14% aritmogene rechterkamerdysplasie gevonden. Dit ziektebeeld was overigens in 1981 nog niet echt beschreven en er is in Noordoost-Italië veel aandacht voor. Met nog een aantal kleinere oorzaken is het percentage potentieel erfelijke ziekten tussen 60 en 75. Op basis daarvan lijkt dus het advies gerechtvaardigd om eerstelijnsfamilieleden van slachtoffers van plotselinge dood hierover te informeren en desgewenst cardiologisch te onderzoeken.', '<span>Versimpelde tekst</span>': 'Als iemand jong (40 jaar of jonger) plotseling overlijdt, komt dit vaak door een hartritmestoornis (een probleem waarbij het hart te snel en onregelmatig klopt). Deze hartritmestoornis kan ontstaan door een erfelijke hartziekte (een hartziekte die in de familie voorkomt).<br><br>Artsen hebben het hart van overleden mensen onderzocht. Zij ontdekten dat bij 50 tot 70% van de mensen die plotseling overleden de oorzaak mogelijk erfelijk was. <br><span style=\'visibility:hidden\'>//</span><br>Verschillende onderzoeken laten zien welke hartziektes vaak voorkwamen:<br><br>Een onderzoek uit Israël (1981) onderzocht 138 mensen die overleden waren tussen 9 en 39 jaar oud. Dit onderzoek toonde aan:<br>- Bij 43% van de mensen waren de kransslagaders (de bloedvaten die het hart van bloed voorzien) vernauwd door vroegtijdige aderverkalking.<br>- Bij 11% van de mensen was de hartspier verdikt (dit heet hypertrofische cardiomyopathie of HCM).<br>- Bij 14% van de mensen zag het hart er normaal uit en was er geen andere duidelijke doodsoorzaak. Dit wijst waarschijnlijk op een ernstige hartritmestoornis.<br><br>Een nieuwer onderzoek uit Italië onderzocht 273 mensen die overleden waren tussen 1 en 35 jaar. Dit onderzoek toonde aan:<br>- Bij 21% van de mensen waren de kransslagaders vernauwd.<br>- Bij 4% van de mensen was de hartspier verdikt.<br>- Bij 6% van de mensen zag het hart er normaal uit en was er geen andere duidelijke doodsoorzaak.<br>- Bij 14% van de mensen was er een afwijking aan de rechterkant van het hart (dit heet aritmogene rechterkamerdysplasie).<br><br>Bij 60 tot 75% van de mensen die plotseling overlijden, speelt erfelijkheid mogelijk een rol. Daarom is het belangrijk dat directe familieleden (zoals ouders, broers, zussen en kinderen) van iemand die plotseling is overleden weten wat ze kunnen doen:<br>- U kunt zich laten informeren over de erfelijke risico’s die u mogelijk heeft.<br>- U kunt zich laten onderzoeken door een hartspecialist om te kijken of u ook risico loopt.'}"
RP_2_2,RP,2,2,62.5946,219,11,2,39.4956,556,14,7,"{'<span>Originele tekst</span>': 'Samenvatting<br>De inzichten in de uitingsvormen van en onderzoekstechnieken naar erfelijke hartaandoeningen ontwikkelen zich in hoog tempo. Dit heeft te maken met de toenemende kennis door wetenschappelijk onderzoek naar de genetica van de erfelijke hartaandoeningen. Zo werd bijvoorbeeld ruim zes jaar geleden nog geen DNA-onderzoek aangeboden naar aritmogene rechterventrikel cardiomyopathie (ARVC), terwijl nu bij 90% van de Nederlandse patiënten met familiaire ARVC een pathogene mutatie wordt gevonden.<br><span style=\'visibility:hidden\'>//</span><br>Steeds meer hartpatiënten en hun families komen hierdoor in aanraking met de (potentiële) erfelijkheid van een hartaandoening. In de meeste universitaire ziekenhuizen is tegenwoordig een polikliniek cardiogenetica te vinden. Hier werken de cardiologie en de klinische genetica samen in de zorg rondom de families met een (potentieel) erfelijke hartaandoening.<br><span style=\'visibility:hidden\'>//</span><br><span style=\'visibility:hidden\'>//</span><br><span style=\'visibility:hidden\'>//</span><br>Dit zijn families waarin plotse dood op jonge leeftijd, een cardiomyopathie of een primair elektrische hartziekte voorkomt.<br><span style=\'visibility:hidden\'>//</span><br><span style=\'visibility:hidden\'>//</span><br><span style=\'visibility:hidden\'>//</span><br>Kenmerkend voor de erfelijke hartaandoeningen is dat bij het vroegtijdig identificeren van een (risico)drager cardiologische controle kan plaatsvinden en een ziekte in een vroegtijdig stadium kan worden opgespoord. De laatste jaren zien cardiologen steeds meer mensen voor controle op hun spreekuur die, op basis van (risico)dragerschap, een verhoogde kans hebben op het krijgen van een hartaandoening, terwijl er (nog) geen behandeling plaatsvindt. Wel kunnen preventieve maatregelen worden genomen. De gezondheidswinst zit uiteindelijk in het starten van een vroegtijdige behandeling, waardoor het ziekteverloop gunstig kan worden beïnvloed.', '<span>Versimpelde tekst</span>': '<span style=\'visibility:hidden\'>//</span><br>Artsen ontdekken steeds meer over erfelijke hartaandoeningen. Dit komt doordat wetenschappers nieuwe dingen ontdekken over genen (stukjes erfelijk materiaal in je lichaam). Een goed voorbeeld is de hartspierziekte ARVC (een ziekte waarbij de hartspier steeds zwakker wordt). Zes jaar geleden konden artsen nog niet in het DNA zoeken naar ARVC. Nu kunnen zij bij 9 van de 10 Nederlandse patiënten met erfelijke ARVC vinden welke DNA-afwijking de ziekte veroorzaakt.<br><br><span style=\'visibility:hidden\'>//</span><br>Door deze nieuwe kennis komen steeds meer hartpatiënten en hun familieleden erachter dat hun hartaandoening mogelijk erfelijk is. De meeste universitaire ziekenhuizen hebben nu een speciale afdeling voor erfelijke hartziekten (polikliniek cardiogenetica). Op deze afdeling werken hartspecialisten (cardiologen) samen met erfelijkheidsdeskundigen (klinisch genetici). Samen helpen zij families waarbij een erfelijke hartaandoening mogelijk een rol speelt.<br><br>Deze hulp is extra belangrijk voor families waarin:<br>- Een familielid onverwacht is overleden op jonge leeftijd<br>- Een hartspierziekte (cardiomyopathie) voorkomt<br>- Een elektrische hartziekte voorkomt<br><br>Het voordeel van erfelijke hartaandoeningen is dat artsen deze vroeg kunnen ontdekken bij mensen die risico lopen. Hierdoor kunnen zij deze mensen op tijd controleren en behandelen. Steeds meer mensen gaan naar de hartspecialist voor controle omdat zij meer kans hebben op een hartaandoening. Ook als u nog geen klachten heeft, kunt u al maatregelen nemen om problemen te voorkomen. Als artsen vroeg beginnen met behandelen, kunnen zij vaak voorkomen dat de ziekte erger wordt.'}"
RP_2_1,RP,2,1,68.0721,190,11,2,33.5322,190,12,6,"{'<span>Originele tekst</span>': 'Recente ontwikkelingen in het genetisch en moleculair biologisch onderzoek hebben tot nieuwe inzichten geleid in de erfelijke achtergrond van aandoeningen. In dit hoofdstuk worden deze besproken in het licht van mogelijke gevolgen voor de diëtetiek. Monogenetische aandoeningen die veroorzaakt worden door een afwijking in een gen, worden belicht; onder andere familiaire hypercholesterolemie is relevant voor de diëtetiek. Voorts is er aandacht voor multifactoriële aandoeningen, zoals obesitas, coronaire hartziekten, diabetes en darmkanker. Multifactoriële aandoeningen zijn chronische ziekten die door een samenspel van genetische gevoeligheid en omgevingsfactoren, zoals voeding, worden beïnvloed. Het onderzoek naar de verantwoordelijke genen is in volle gang.<br><br>Inmiddels wordt op DNA-niveau onderzoek gedaan naar de effecten van voedingscomponenten (nutrigenomics) en de effecten van voeding op de mate waarin het DNA wordt afgelezen (epigenetica). Tot op heden zijn er echter nog weinig concrete bewijzen dat voedingsadviezen specifiek geschikt zijn voor mensen met een specifiek genetisch profiel. Mogelijk komt dit in de toekomst. Ten slotte is nader onderzoek noodzakelijk om de motivatie tot leefstijlverandering en dieettrouw op basis van genetische informatie bij patiënten te bestuderen. Ook het toekomstig onderzoek naar de genetica van eetgedrag en smaak kan van belang worden.', '<span>Versimpelde tekst</span>': 'Wetenschappers hebben door nieuw onderzoek meer ontdekt over ziektes die in families voorkomen. In dit hoofdstuk leggen we uit wat dit betekent voor adviezen over voeding. <br><br>Er zijn twee soorten erfelijke aandoeningen:<br>- Ziektes die komen door één verandering in het erfelijk materiaal (ook wel één afwijkend gen genoemd). Een voorbeeld hiervan is erfelijk hoog cholesterol.<br>- Ziektes die ontstaan door een combinatie van erfelijke aanleg en hoe iemand leeft. Voorbeelden hiervan zijn ernstig overgewicht, hart- en vaatziekten, suikerziekte en darmkanker.<br><br><span style=\'visibility:hidden\'>//</span><br><span style=\'visibility:hidden\'>//</span><br>Onderzoekers kijken nu naar het verband tussen voeding en erfelijkheid. Ze onderzoeken hoe wat we eten invloed heeft op onze genen (dit heet nutrigenomics). Ook bestuderen ze hoe voeding bepaalt welke delen van ons erfelijk materiaal aan- of uitgezet worden (dit heet epigenetica). <br><br>Op dit moment weten we nog niet precies welk voedingsadvies het beste past bij iemands erfelijke aanleg. Dit kan in de toekomst anders worden. Wetenschappers onderzoeken ook of mensen gezonder gaan leven als ze weten dat bepaalde ziektes in hun familie voorkomen. Ook kijken ze naar hoe erfelijke aanleg invloed heeft op wat mensen lekker vinden en hoe ze eten. Deze kennis kan in de toekomst belangrijk worden.'}"
RP_1_5,RP,1,5,51.4919,147,7,2,36.4889,175,12,4,"{'<span>Originele tekst</span>': 'Klinische genetica en genoomanalyse<br>Ieder mens is verschillend en een groot deel van deze verschillen heeft een genetische basis. Het DNA van 2 niet-verwante mensen verschilt ondanks dat zij soms nauwelijks op elkaar lijken slechts 1-3% van elkaar.<br><span style=\'visibility:hidden\'>//</span><br><span style=\'visibility:hidden\'>//</span><br>De verschillen hebben met onze identiteit te maken, maar ook met onze fysieke mogelijkheden en beperkingen. Zoals de genetica de biologische basis van het leven onderzoekt, zo zoekt de klinische genetica naar fouten in deze basis als oorzaak van ziektes, die in families overerven.<br><span style=\'visibility:hidden\'>//</span><br>Door erfelijke defecten kun je rond de geboorte al sterven, zwaar gehandicapt zijn of weten dat je gedurende je leven ernstige, soms fatale gezondheidsklachten gaat krijgen. Dit kan al het geval zijn, doordat 1 van de 3 miljard bouwstenen veranderd of verdwenen is.<br><span style=\'visibility:hidden\'>//</span><br><span style=\'visibility:hidden\'>//</span><br><span style=\'visibility:hidden\'>//</span><br>Ziektes waarbij een enkel defect in een van de genen altijd leidt tot een ernstig, meestal vergelijkbaar ziektebeeld noemt men monogene ziektes.', '<span>Versimpelde tekst</span>': '<span style=\'visibility:hidden\'>//</span><br>Elk mens is anders, en deze verschillen komen vooral door onze erfelijke aanleg. Het DNA (erfelijk materiaal in onze cellen) van twee mensen die geen familie zijn, verschilt maar 1 tot 3 procent van elkaar. Dit is opvallend, want soms lijken deze mensen helemaal niet op elkaar.<br><br>Deze erfelijke verschillen bepalen niet alleen hoe we eruitzien, maar ook wat we lichamelijk wel en niet kunnen. Artsen die gespecialiseerd zijn in erfelijkheid onderzoeken fouten in het DNA die ziektes kunnen veroorzaken. Deze ziektes kunnen in families van ouder op kind worden doorgegeven.<br><br>Fouten in het erfelijk materiaal kunnen ernstige gevolgen hebben. Sommige mensen overlijden hierdoor rond de geboorte of hebben een ernstige handicap. Anderen weten dat ze later in hun leven ernstige gezondheidsproblemen krijgen die soms levensbedreigend zijn. Soms ontstaan deze problemen door een heel kleine fout: als één van de drie miljard DNA-bouwstenen anders is of ontbreekt.<br><br>Er bestaan ziektes waarbij één fout in een gen altijd leidt tot ongeveer dezelfde ernstige ziekteverschijnselen. Deze ziektes noemen we enkelvoudige erfelijke ziektes (ook wel monogene ziektes genoemd).'}"
RP_1_4,RP,1,4,57.3461,164,9,2,38.9387,214,13,8,"{'<span>Originele tekst</span>': 'De prevalentie van significante aangeboren hartafwijkingen bij zuigelingen is ongeveer 0,8%. Het minimusculeuze ventrikelseptumdefect komt evenwel voor bij 2-4% van de pasgeborenen; meestal sluit het defect spontaan in de eerste levensweken en daarom wordt het in de meeste statistieken niet opgenomen. Met een geboortecijfer van 200.000 kinderen per jaar betekent dit in de Nederlandse situatie dat er ieder jaar ongeveer 1500 kinderen worden geboren met een aangeboren hartafwijking (in België respectievelijk 120.000 en 960). De meest voorkomende afwijking is het ventrikelseptumdefect.<br><br><span style=\'visibility:hidden\'>//</span><br><span style=\'visibility:hidden\'>//</span><br>Bij ongeveer 40% van de kinderen met een aangeboren hartafwijking is geen behandeling nodig omdat de afwijking geen of slechts minimale invloed heeft op de hemodynamische verhoudingen. Voorbeelden hiervan zijn een klein ventrikelseptumdefect of een geringe valvulaire pulmonalisstenose. Men gaat ervan uit dat de levensverwachting van deze kinderen zowel in kwantitatief als kwalitatief opzicht normaal is. De overige 60% van de kinderen moet wel worden behandeld. Meestal wordt dit gerealiseerd door cardiochirurgische behandeling of door katheterinterventies; bij sommige ziekten is chronische medicatie noodzakelijk.', '<span>Versimpelde tekst</span>': 'Ongeveer 0,8% van de baby’s wordt geboren met een ernstige aangeboren hartafwijking (een probleem met het hart dat al bij de geboorte aanwezig is). Een heel klein gaatje tussen de hartkamers (minimusculeus ventrikelseptumdefect) komt vaker voor: bij 2-4% van de pasgeboren baby’s. Dit gaatje sluit meestal vanzelf in de eerste weken na de geboorte. Daarom nemen artsen dit meestal niet mee in hun cijfers. In Nederland worden elk jaar ongeveer 200.000 kinderen geboren. Dit betekent dat ongeveer 1500 Nederlandse kinderen per jaar worden geboren met een aangeboren hartafwijking. In België zijn dit ongeveer 960 kinderen per jaar. De meest voorkomende hartafwijking is een gat tussen de hartkamers (ventrikelseptumdefect).<br><br>Bij 4 van de 10 kinderen met een aangeboren hartafwijking is geen behandeling nodig. Dit komt omdat hun hartafwijking geen of heel weinig invloed heeft op hoe het bloed door hun hart stroomt. Voorbeelden hiervan zijn:<br>- Een klein gat tussen de hartkamers<br>- Een lichte vernauwing van de longslagaderklep (milde pulmonalisstenose)<br><br>Deze kinderen kunnen een normaal en gezond leven leiden. De andere 6 van de 10 kinderen hebben wel behandeling nodig. De arts kan kiezen uit verschillende behandelingen:<br>- Een operatie aan het hart<br>- Een behandeling via een katheter (een dun slangetje dat via een bloedvat naar het hart wordt gebracht)<br>- Het gebruik van medicijnen voor langere tijd'}"
RP_1_3,RP,1,3,61.2806,304,17,4,39.4319,280,20,12,"{'<span>Originele tekst</span>': 'Door catecholaminen geïnduceerde polymorfe VT/VF<br><span style=\'visibility:hidden\'>//</span><br><span style=\'visibility:hidden\'>//</span><br>Als symptomen (wegrakingen of plotse dood, al of niet met bewezen hartritmestoornissen) duidelijk gerelateerd zijn aan inspanning, emotie of stress, dan moet de diagnose door catecholaminen geïnduceerde polymorfe VT/VF worden overwogen. Dit ziektebeeld openbaart zich vaak al op jonge leeftijd, dat wil zeggen 6-7 jaar. Kenmerkende klachten zijn onwel worden, wegraken tijdens inspanning, emotie of stress (sport, voor de klas moeten komen, examens, enzovoort).<br><span style=\'visibility:hidden\'>//</span><br><span style=\'visibility:hidden\'>//</span><br>De familieanamnese vermeldt niet zelden plotse dood van een jong kind, uitgelokt door een van de genoemde omstandigheden. Niet in alle families is de debuutleeftijd in de (jonge) jeugd. Als de patiënt zich inspant, verschijnen er doorgaans bij een voor de individuele patiënt karakteristieke hartfrequentie ventriculaire extrasystolen die – als de inspanning wordt voortgezet – zich uitbreiden tot doubletten en complexere ritmestoornissen. Deze ritmestoornissen worden in de regel opvallend goed verdragen, maar wanneer ze lang genoeg aanhouden zullen ze toch tot collaps lijden. Bovendien kunnen ze ontaarden in ventrikelfibrilleren en tot plotse dood leiden.<br><br>De behandeling bestaat uit bètablokkade en het strikte advies inspanning te vermijden. Doorgaans moet de medicatie hoog gedoseerd worden en geen intrinsieke sympathicomimetische activiteit bevatten. De ectopie verdwijnt niet geheel onder medicatie. Er is slechts zelden een inwendige defibrillator nodig. Specifieke risicofactoren zijn niet bekend.<br><br><span style=\'visibility:hidden\'>//</span><br><span style=\'visibility:hidden\'>//</span><br>De genetische basis is teruggevonden in een tweetal genen die coderen voor eiwitten die een belangrijke rol spelen in de calciumhuishouding van hartcellen. De belangrijkste hiervan is de ryanodinereceptor, een eiwit dat de vrijzetting van calcium uit de intracellulaire verzamelplaats (het sarcoplasmatisch reticulum) regelt dat nodig is voor de contractie van hartcellen. Omdat het inspannings-ECG niet bij elke patiënt afwijkingen laat zien, wordt momenteel sterk aanbevolen onderzoek te doen naar de erfelijke basis van het ziektebeeld bij daarvoor in aanmerking komende personen. Met inspanningsonderzoek kan de diagnose gemist worden, terwijl DNA-onderzoek een sluitend antwoord kan geven.', '<span>Versimpelde tekst</span>': 'Door stress veroorzaakte gevaarlijke hartritmestoornissen (polymorfe VT/VF)<br><br>Deze ziekte ontstaat als het hart op een gevaarlijke manier reageert op stress, inspanning of emoties. De eerste verschijnselen ziet u vaak al bij jonge kinderen rond 6-7 jaar oud. Mensen met deze aandoening kunnen flauwvallen of zich niet lekker voelen tijdens:<br>- Het sporten.<br>- Spannende situaties, zoals een presentatie geven.<br>- Het maken van examens.<br>- Andere stressvolle momenten.<br><br>In sommige families zijn eerder jonge mensen plotseling overleden tijdens zulke situaties. Niet in alle families begint de ziekte op jonge leeftijd. Als iemand met deze aandoening zich inspant, krijgt hij of zij vaak extra hartslagen (ook wel “myocard”’ genoemd) bij een bepaalde hartslag. Als de inspanning doorgaat, kunnen deze extra hartslagen toenemen. Mensen verdragen deze hartritmestoornissen meestal goed, maar als ze te lang duren kan iemand flauwvallen. In het ergste geval kan het hart zeer gevaarlijk gaan trillen, wat tot plotseling overlijden kan leiden.<br><br><span style=\'visibility:hidden\'>//</span><br><span style=\'visibility:hidden\'>//</span><br>De behandeling bestaat uit twee belangrijke onderdelen:<br>- U krijgt medicijnen (bètablokkers) in een hoge dosis.<br>- U moet zware inspanning vermijden.<br><br>De extra hartslagen verdwijnen niet helemaal door de medicijnen. Een inwendige defibrillator (een apparaat dat ingrijpt bij gevaarlijke hartritmes) is zelden nodig. We weten nog niet precies welke factoren bepalen of iemand meer risico loopt.<br><br>Deze ziekte ontstaat door veranderingen in twee genen. Deze genen maken eiwitten die belangrijk zijn voor de calciumhuishouding in hartcellen. Het belangrijkste eiwit is de ryanodinereceptor, die ervoor zorgt dat calcium vrijkomt in de hartcel. Dit calcium is nodig om het hart te laten samentrekken. Een inspanningstest laat niet bij iedereen afwijkingen zien. Daarom is het belangrijk om bij mensen die mogelijk deze ziekte hebben, DNA-onderzoek te doen. DNA-onderzoek kan namelijk wel een duidelijk antwoord geven.'}"
RP_1_2,RP,1,2,52.5050,158,11,4,39.7820,175,12,3,"{'<span>Originele tekst</span>': 'Samenvatting<br>Actieve screening naar personen met HCM leidt jaarlijks tot ongeveer € 1,3 miljoen aan maatschappelijke baten ten opzichte van de huidige passieve screening.<br><br><span style=\'visibility:hidden\'>//</span><br>In Nederland sterven jaarlijks 500 jonge mensen (jonger dan 45 jaar) een plotselinge natuurlijke dood. Het merendeel van deze sterfgevallen wordt veroorzaakt door een erfelijke hartziekte. Deze sterfgevallen zijn vaak onverwachts omdat deze mensen tot dan toe geen symptomen hebben ervaren van de ziekte. De plotse hartdood is dan het eerste (en laatste) symptoom.<br><br>Hypertrofische Cardiomyopathie (HCM), waarbij sprake is van een verdikking van de hartspier, is zo’n erfelijke hartziekte. Plotse dood kan voorkomen worden door implantatie van een defibrillator. Genetische kennis biedt de mogelijkheid mensen met HCM op te sporen via hun DNA. Op dit moment gebeurt dat via passieve screening. Hierbij ontvangt een HCM-patiënt een brief voor familieleden, waarin hen de mogelijkheid geboden wordt zich te laten onderzoeken. Zo’n 40% van de benaderde familieleden komt vervolgens naar het ziekenhuis om zich te laten testen.', '<span>Versimpelde tekst</span>': '<span style=\'visibility:hidden\'>//</span><br>Een actieve zoektocht naar mensen met een erfelijke hartspierziekte (HCM) levert de maatschappij elk jaar ongeveer 1,3 miljoen euro meer op dan de huidige aanpak waarbij we wachten tot mensen zelf komen.<br><br>In Nederland overlijden elk jaar 500 jonge mensen (jonger dan 45 jaar) plotseling een natuurlijke dood. De meeste van deze sterfgevallen komen door een erfelijke hartziekte. Deze sterfgevallen zijn vaak onverwacht omdat deze mensen vooraf geen klachten hadden van hun ziekte. Het plotselinge overlijden is dan het eerste (en laatste) teken van de ziekte.<br><br>HCM is een erfelijke hartziekte waarbij de hartspier te dik wordt. Artsen kunnen een plotselinge dood door HCM voorkomen door een apparaatje (defibrillator) in het lichaam te plaatsen dat het hart kan controleren en helpen. Door DNA-onderzoek kunnen artsen mensen met HCM vroeg opsporen. Op dit moment gebeurt dit via een afwachtende aanpak. Een patiënt met HCM krijgt een brief mee voor familieleden. In deze brief staat dat familieleden zich kunnen laten onderzoeken. Ongeveer 40% van de familieleden die zo’n brief krijgen, komt daarna naar het ziekenhuis voor onderzoek.'}"
RP_1_1,RP,1,1,70.1986,267,13,9,34.1064,297,22,24,"{'<span>Originele tekst</span>': 'Samenvatting<br><br>Achtergrond<br>De plotselinge dood van personen jonger dan 45 jaar is vaak het gevolg van een erfelijke hartziekte. Daarom wordt aanbevolen om obductie en familieonderzoek te laten verrichten. In Nederland gebeurt dat echter onvoldoende. Dit onderzoek had tot doel de factoren te identificeren die het voorkeursbeleid in de weg staan.<br><br><span style=\'visibility:hidden\'>//<br></span>Methode<br>We organiseerden vier focusgroepsbijeenkomsten met steeds 7-9 huisartsen en/of gemeentelijk lijkschouwers. De deelnemers bespraken de knelpunten die zij ondervonden op verschillende momenten in de procedure: de verklaring van natuurlijke dood, het verzoek aan de familie om klinische obductie en (voor huisartsen) het verwijzen van familieleden voor cardiogenetisch onderzoek. We vroegen de deelnemers ook naar eventuele oplossingen voor deze knelpunten.<br><br><span style=\'visibility:hidden\'>//</span><br><span style=\'visibility:hidden\'>//</span><br><span style=\'visibility:hidden\'>//</span><br><span style=\'visibility:hidden\'>//</span><br>Resultaten<br>Het afgeven van een verklaring van natuurlijke dood en het doen van een verzoek tot klinische obductie aan de familie stuit op verschillende logistieke, financiële en emotionele bezwaren, ook in de interactie tussen huisartsen en gemeentelijk lijkschouwers. Huisartsen hebben weinig ervaring met het voorkeursbeleid en zijn zich vaak te weinig bewust van de waarde van familieonderzoek na plotseling overlijden. Gemeentelijk lijkschouwers voelen zich vaak ten onrechte in de rol van behandelaar gedwongen als de huisarts de overlijdensverklaring en het obductieverzoek aan hen overlaat. De deelnemers droegen diverse oplossingen aan voor deze knelpunten.<br><br><span style=\'visibility:hidden\'>//</span><br><span style=\'visibility:hidden\'>//</span><br>Conclusie<br>Diverse factoren staan het voorkeursbeleid in de weg. Een landelijke richtlijn zou weinig doeltreffend zijn, maar een andere vergoedingssystematiek, voorlichting aan huisartsen en vooral ook het aanstellen van landelijke case-managers, die erop toezien dat zowel de justitiële als de medische zaken volgens het voorkeursbeleid worden afgehandeld, zou het aantal obducties aanzienlijk kunnen doen stijgen en de incidentie van plotselinge dood kunnen verlagen.', '<span>Versimpelde tekst</span>': 'Samenvatting<br><br>Achtergrond<br>Als mensen jonger dan 45 jaar plotseling overlijden, komt dit vaak door een erfelijke hartziekte. Artsen raden daarom aan om twee dingen te doen: een onderzoek op het lichaam (obductie) en een onderzoek bij familieleden. In Nederland worden deze onderzoeken te weinig uitgevoerd. Wij hebben onderzocht waarom dit zo is.<br><br>Methode<br>We hebben vier groepsgesprekken gehouden. Bij elk gesprek waren 7 tot 9 mensen aanwezig. Deze mensen waren huisartsen en artsen die overlijdens onderzoeken (gemeentelijk lijkschouwers). Zij bespraken drie belangrijke momenten:<br>- De arts moet bepalen of iemand een natuurlijke dood is gestorven.<br>- De arts moet aan de familie vragen of zij toestemming geven voor onderzoek op het lichaam.<br>- De huisarts moet familieleden doorverwijzen voor erfelijkheidsonderzoek van het hart.<br>We vroegen de artsen ook hoe we deze problemen kunnen oplossen.<br><br>Resultaten<br>De artsen ervaren verschillende problemen bij hun werk:<br>- Het is moeilijk om te bepalen of een overlijden natuurlijk is.<br>- Het is lastig om families te vragen of zij toestemming geven voor onderzoek op het lichaam.<br>- Er zijn praktische problemen, zoals wie betaalt voor het onderzoek.<br>- Huisartsen hebben weinig ervaring met deze situaties.<br>- Huisartsen weten vaak niet hoe belangrijk familieonderzoek is na een plotseling overlijden.<br>- Gemeentelijk lijkschouwers moeten soms taken van de huisarts overnemen, terwijl dit niet hun werk is.<br>De artsen hebben ook verschillende oplossingen voorgesteld voor deze problemen.<br><br>Conclusie<br>Er zijn veel redenen waarom de onderzoeken niet goed worden uitgevoerd. Een landelijke richtlijn zal dit probleem niet oplossen. De artsen stellen drie oplossingen voor:<br>- Een betere regeling voor de kosten van het onderzoek.<br>- Betere voorlichting aan huisartsen.<br>- Het aanstellen van speciale begeleiders (case-managers) die zorgen dat alle onderzoeken goed worden uitgevoerd.<br>Deze oplossingen kunnen ervoor zorgen dat er meer onderzoeken worden gedaan. Dit kan helpen voorkomen dat mensen plotseling overlijden aan een erfelijke hartziekte.'}"
EH_2_5,EH,2,5,53.5745,296,14,9,39.4230,300,20,14,"{'<span>Originele tekst</span>': 'DNA-onderzoek<br>Bij erfelijkheidsonderzoek wordt op basis van medische gegevens van de patiënt familiegegevens en vaak DNA-onderzoek, nagegaan of er sprake is van een erfelijke hartziekte en of de oorzaak van de erfelijke hartziekte in het DNA gevonden kan worden. Aan het einde van het erfelijkheidsonderzoek ontvangt u adviezen voor uw eigen gezondheid (bijvoorbeeld regelmatige cardiologische controles en leefstijladviezen) en worden er ook adviezen gegeven voor uw familieleden. Meer informatie kunt u vinden onder procedure.<br><br><span style=\'visibility:hidden\'>//</span><br><span style=\'visibility:hidden\'>//</span><br><span style=\'visibility:hidden\'>//</span><br><span style=\'visibility:hidden\'>//</span><br>Een belangrijk onderdeel van erfelijkheidsonderzoek is DNA-onderzoek. Bij DNA-onderzoek wordt gezocht naar een verandering (zogeheten mutatie) in het erfelijk materiaal (DNA), die de erfelijke hartziekte kan veroorzaken. Er zijn veel verschillende genen bekend, die een rol kunnen spelen bij erfelijke hartziekten. Bij DNA-onderzoek worden één of meerdere genen onderzocht in het laboratorium.<br><br><span style=\'visibility:hidden\'>//</span><br>Wanneer er DNA-onderzoek wordt gedaan bij een patiënt op zoek naar de erfelijke oorzaak voor de hartziekte, kunnen er 4 soorten uitslagen zijn van het DNA-onderzoek:<br>- Klasse 5 mutatie: de aanleg voor de erfelijke hartziekte wordt gevonden.<br>- Klasse 4 mutatie: er wordt een verandering in het DNA (mutatie) gevonden die waarschijnlijk de oorzaak is van de erfelijke hartziekte, maar waarvan dit nog niet 100% zeker is.<br>- Klasse 3 mutatie: er wordt een verandering in het DNA (mutatie) gevonden waarvan de betekenis nog onduidelijk is.<br>- Er wordt geen mutatie gevonden.<br><br>Als er een klasse 4 of een klasse 5 mutatie wordt gevonden, wordt aan naaste familieleden (kinderen, ouders en broers en/of zussen) geadviseerd om voorspellend genetisch onderzoek te laten doen, wat bij klasse 4 mutaties vaak wordt gecombineerd met cardiologisch onderzoek. Bij klasse 3 mutaties is DNA-onderzoek bij familieleden vaak niet zinvol, omdat het geen duidelijkheid geeft over hun risico op de hartziekte. Aan familieleden wordt dan vaak geadviseerd om zich regelmatig cardiologisch te laten controleren op kenmerken van de hartziekte.', '<span>Versimpelde tekst</span>': '<span style=\'visibility:hidden\'>//</span><br>Bij erfelijkheidsonderzoek kijken we of u een erfelijke hartziekte heeft. Dit onderzoek bestaat uit verschillende onderdelen:<br>- We bekijken uw medische gegevens om uw gezondheid goed in kaart te brengen.<br>- We onderzoeken uw familiegeschiedenis om te zien of hartziekten vaker in uw familie voorkomen.<br>- We doen meestal DNA-onderzoek om uw erfelijk materiaal te onderzoeken.<br><br>Na het onderzoek krijgt u:<br>- Adviezen voor uw eigen gezondheid, zoals regelmatige controles bij de hartarts en tips voor een gezonde leefstijl<br>- Adviezen voor uw familieleden<br><br>DNA-onderzoek is een belangrijk deel van het erfelijkheidsonderzoek. Bij dit onderzoek zoeken we naar veranderingen (ook wel mutaties genoemd) in uw erfelijk materiaal die een erfelijke hartziekte kunnen veroorzaken. Er zijn veel verschillende genen (stukjes erfelijk materiaal die bepaalde eigenschappen doorgeven) die een rol kunnen spelen bij erfelijke hartziekten. In het laboratorium onderzoeken we één of meer van deze genen.<br><br>Het DNA-onderzoek kan vier verschillende uitslagen geven:<br>- We vinden een klasse 5 mutatie. Dit betekent dat we de oorzaak van de erfelijke hartziekte hebben gevonden.<br>- We vinden een klasse 4 mutatie. Dit betekent dat we waarschijnlijk de oorzaak hebben gevonden, maar dit is nog niet helemaal zeker.<br>- We vinden een klasse 3 mutatie. Dit betekent dat we een verandering hebben gevonden, maar we weten nog niet wat deze betekent.<br>- We vinden geen mutatie.<br><br><span style=\'visibility:hidden\'>//</span><br>Als we een klasse 4 of 5 mutatie vinden, raden we uw naaste familieleden (kinderen, ouders, broers en zussen) aan om ook DNA-onderzoek te laten doen. Bij een klasse 4 mutatie adviseren we vaak ook een onderzoek bij de hartarts. Bij een klasse 3 mutatie heeft DNA-onderzoek bij familieleden meestal geen zin. We weten dan namelijk niet of de gevonden verandering het risico op de hartziekte verhoogt. We adviseren familieleden dan wel om zich regelmatig te laten controleren door een hartarts op verschijnselen van de hartziekte.'}"
EH_2_4,EH,2,4,51.9063,250,19,12,39.5813,289,22,12,"{'<span>Originele tekst</span>': 'Wat is gedilateerde cardiomyopathie?<br>Gedilateerde cardiomyopathie (DCM) is een hartziekte waarbij de hartspier is verwijd. Bij DCM is de hartspierwand dunner en slapper geworden en is de omvang van het hart vergroot. Doordat de hartspier slapper is, is de pompfunctie van het hart verminderd. Hierdoor kan uiteindelijk hartfalen ontstaan.<br><br><span style=\'visibility:hidden\'>//</span><br>Een verwijde hartspier kan verschillende oorzaken hebben. Vaak wordt DCM veroorzaakt door vernauwde bloedvaten en hartinfarcten of een lange tijd (vaak onbehandelde) verhoogde bloeddruk. Ook virusinfecties, immuunziekten en alcoholmisbruik kunnen een oorzaak zijn van DCM. Als er geen oorzaak te vinden is, kan het om een erfelijke vorm gaan. In 30 tot 50% van de gevallen van een onverklaarde DCM zijn er bij directe familieleden ook kenmerken van DCM te zien. Dit wijst op een erfelijke vorm. Bij ongeveer 1 op de 3.000 volwassenen zijn bij cardiologisch onderzoek kenmerken van een mogelijk erfelijke vorm van DCM te zien.<br><br><span style=\'visibility:hidden\'>//</span><br><span style=\'visibility:hidden\'>//</span><br>Klachten en verschijnselen<br>Niet iedereen met DCM heeft dezelfde klachten. Ook de ernst kan per persoon verschillen. De meest voorkomende klachten zijn:<br>- Kortademigheid (met name bij inspanning)<br>- Verminderde conditie en uithoudingsvermogen<br>- Vermoeidheid<br>- Hartkloppingen<br>- Pijn op de borst<br>- Hartritmestoornissen: ernstige hartritmestoornissen kunnen leiden tot duizeligheid, wegrakingen en soms tot plotseling overlijden.<br><br><span style=\'visibility:hidden\'>//<br></span>De eerste klachten van DCM treden meestal pas op volwassen leeftijd op. Soms zijn er al verschijnselen op de kinderleeftijd te zien, vanaf ongeveer het 10e levensjaar. Niet iedereen krijgt klachten van DCM. De verminderde pompfunctie van het hart, de klachten daarbij en de hartritmestoornissen kunnen in de loop van het leven toenemen.', '<span>Versimpelde tekst</span>': 'Wat is gedilateerde cardiomyopathie?<br>Gedilateerde cardiomyopathie (DCM) is een hartziekte waarbij het hart groter en zwakker wordt. Bij DCM wordt de hartspier dunner en slapper. Het hele hart wordt ook groter. Door de slappe hartspier kan het hart niet goed genoeg bloed door het lichaam pompen. Hierdoor kan hartfalen ontstaan (dit betekent dat het hart niet meer goed werkt).<br><br>Er zijn verschillende redenen waarom een hart groter en zwakker kan worden. DCM ontstaat vaak door vernauwde bloedvaten en hartinfarcten (beschadigingen van de hartspier). Ook een langdurig hoge bloeddruk die niet behandeld is kan DCM veroorzaken. Daarnaast kunnen virussen, ziektes van het afweersysteem (het systeem dat het lichaam beschermt tegen ziektes) en te veel alcoholgebruik leiden tot DCM. Als artsen geen duidelijke oorzaak kunnen vinden, kan DCM erfelijk zijn. Bij 30 tot 50% van de mensen met DCM zonder duidelijke oorzaak hebben naaste familieleden ook verschijnselen van DCM. Dit laat zien dat de ziekte in de familie voorkomt. Ongeveer 1 op de 3.000 volwassenen heeft volgens artsen aanwijzingen voor een erfelijke vorm van DCM.<br><br>Klachten en verschijnselen<br>Niet iedereen met DCM heeft dezelfde klachten. De klachten kunnen ook bij de ene persoon ernstiger zijn dan bij de andere. De volgende klachten komen het meest voor:<br>- Kortademigheid (vooral als u zich inspant)<br>- Verminderde conditie en minder uithoudingsvermogen<br>- Vermoeidheid<br>- Hartkloppingen<br>- Pijn op de borst<br>- Hartritmestoornissen (onregelmatig hartritme). Deze kunnen zorgen voor duizeligheid, flauwvallen en soms voor plotseling overlijden<br><br>De eerste klachten van DCM ontstaan meestal pas als iemand volwassen is. Soms zien artsen al verschijnselen bij kinderen vanaf ongeveer 10 jaar. Niet iedereen krijgt klachten van DCM. De problemen met het pompen van het hart kunnen in de loop van het leven erger worden. Ook de bijbehorende klachten en hartritmestoornissen kunnen verergeren.'}"
EH_2_3,EH,2,3,52.9934,181,12,8,33.7746,233,18,12,"{'<span>Originele tekst</span>': 'Leefstijladviezen<br>Bij veel erfelijke hartziekten worden leefstijladviezen gegeven. Dit wordt gedaan omdat bij die ziekten het risico op klachten of ernstige hartritmestoornissen groter is in bepaalde situaties. Dit kan bijvoorbeeld zo zijn tijdens intensieve lichamelijke inspanning of bij het gebruik van bepaalde medicijnen.<br><br><span style=\'visibility:hidden\'>//</span><br>Voor de specifieke leefstijladviezen, kunt u bij de informatie over de betreffende erfelijke hartziekte kijken. Als u vragen hierover heeft, kunt u contact opnemen met uw cardioloog.<br><br>Controle bij de cardioloog<br>Wanneer een erfelijke hartziekte wordt vastgesteld, is het belangrijk dat regelmatig cardiologische controles plaatsvinden. Hiermee kan het ziekteverloop worden gevolgd en is het mogelijk zo nodig te starten met behandeling of de behandeling aan te passen. Het ziekteverloop is voor elke patiënt verschillend.<br><br><span style=\'visibility:hidden\'>//<br>//<br>//<br></span>Familieleden met de erfelijke aanleg voor de hartziekte die nog geen ziekteverschijnselen hebben, wordt ook geadviseerd regelmatig voor controle bij de cardioloog te komen. Hiermee kunnen eventuele ziekteverschijnselen tijdig gesignaleerd worden en kan een behandeling worden gestart of aangepast.<br><br>Medicijnen<br>Soms worden medicijnen voorgeschreven door de cardioloog. Deze worden gebruikt om klachten of verschijnselen van de ziekte te verminderen en ernstige complicaties te voorkomen.', '<span>Versimpelde tekst</span>': '<span style=\'visibility:hidden\'>//</span><br>Als u een erfelijke hartziekte heeft, krijgt u advies over hoe u het beste kunt leven. Dit advies is belangrijk omdat bepaalde situaties kunnen zorgen voor meer klachten of hartritmestoornissen (wanneer uw hart niet in een normaal ritme klopt). Dit kan bijvoorbeeld gebeuren als u zich zwaar inspant of als u bepaalde medicijnen gebruikt.<br><br>U vindt informatie over deze adviezen bij de uitleg over uw specifieke erfelijke hartziekte. Heeft u hier vragen over? Dan kunt u deze stellen aan uw cardioloog (een arts die gespecialiseerd is in het hart).<br><br>Het is belangrijk dat u regelmatig op controle gaat bij uw cardioloog als bij u een erfelijke hartziekte is vastgesteld. Tijdens deze controles doet de cardioloog de volgende dingen:<br>- De cardioloog kijkt hoe uw ziekte zich ontwikkelt.<br>- De cardioloog start op tijd met een behandeling als dat nodig is.<br>- De cardioloog past uw behandeling aan als dat nodig is.<br><br>De ziekte verloopt bij iedereen anders.<br><br>Ook familieleden die wel de erfelijke aanleg hebben maar nog geen klachten hebben, moeten regelmatig naar de cardioloog gaan. Hierdoor kan de cardioloog vroeg ontdekken of er ziekteverschijnselen zijn. De cardioloog kan dan op tijd beginnen met een behandeling of deze aanpassen.<br><br><span style=\'visibility:hidden\'>//<br></span>Soms krijgt u medicijnen van uw cardioloog. Deze medicijnen hebben de volgende doelen:<br>- De medicijnen maken uw klachten minder erg.<br>- De medicijnen verminderen verschijnselen van de ziekte.<br>- De medicijnen voorkomen ernstige complicaties (ongewenste problemen door de ziekte).'}"
EH_2_2,EH,2,2,51.8596,221,11,6,36.6067,248,13,20,"{'<span>Originele tekst</span>': 'Er wordt wel een mutatie gevonden die HCM veroorzaakt:<br>Wanneer de erfelijke oorzaak met DNA-onderzoek (klasse 5 mutatie) wordt vastgesteld, kunnen naaste familieleden (kinderen, broers en/of zussen en ouders) zich laten testen op de erfelijke aanleg voor de hartziekte (zogeheten voorspellend genetisch onderzoek).<br><span style=\'visibility:hidden\'>//</span><br><span style=\'visibility:hidden\'>//</span><br><span style=\'visibility:hidden\'>//</span><br><span style=\'visibility:hidden\'>//</span><br><span style=\'visibility:hidden\'>//</span><br><span style=\'visibility:hidden\'>//</span><br><span style=\'visibility:hidden\'>//</span><br>Zij hebben 50% kans ook de erfelijke aanleg voor de hartziekte te hebben en de hartziekte later te ontwikkelen. Dit geldt voor zonen en dochters. Voorspellend genetisch onderzoek bij kinderen wordt geadviseerd vanaf 10 jaar.<br><br><span style=\'visibility:hidden\'>//</span><br>Familieleden die de erfelijke aanleg voor de hartziekte blijken te hebben, wordt geadviseerd zich regelmatig cardiologisch te laten onderzoeken (eenmaal in de 1 tot 3 jaar een elektrocardiogram (ECG of hartfilmpje) en een echocardiogram voor volwassenen, eenmaal per jaar voor kinderen tussen de 10 en 18 jaar).<br><br><span style=\'visibility:hidden\'>//</span><br><span style=\'visibility:hidden\'>//</span><br>Familieleden die geen drager zijn van de mutatie hebben geen verhoogd risico om HCM te ontwikkelen. Zij hoeven zich dus niet door een cardioloog te laten controleren. Ook kan diegene de mutatie dan niet aan zijn of haar kinderen hebben doorgegeven.<br><br><span style=\'visibility:hidden\'>//</span><br>Wanneer familieleden geen voorspellend genetisch onderzoek willen laten doen, wordt aan hen geadviseerd zich regelmatig cardiologisch te laten onderzoeken. Dit bestaat voor volwassenen uit eenmaal in de 1 tot 3 jaar een elektrocardiogram (ECG of hartfilmpje) en een echocardiogram.<br><br>Voor kinderen tussen de 10 en 18 jaar wordt eenmaal per jaar cardiologisch onderzoek geadviseerd.', '<span>Versimpelde tekst</span>': '<span style=\'visibility:hidden\'>//</span><br>Als artsen een erfelijke verandering (een foutje in het DNA, ook wel mutatie genoemd) vinden die HCM (een ziekte waarbij de hartspier dikker wordt) veroorzaakt, kunnen familieleden zich laten onderzoeken. Dit onderzoek is mogelijk wanneer artsen zeker weten dat ze de DNA-verandering hebben gevonden.<br><br>De volgende familieleden kunnen zich laten onderzoeken op de erfelijke aanleg:<br>- Kinderen<br>- Broers en zussen<br>- Ouders<br><br>Voor deze familieleden is het volgende belangrijk om te weten:<br>- U heeft 50% kans om de erfelijke aanleg te hebben.<br>- Deze kans is even groot voor mannen en vrouwen.<br>- Als u de erfelijke aanleg heeft, kunt u later de hartziekte krijgen.<br>- Voor kinderen raden artsen aan om vanaf 10 jaar te testen.<br><br>Familieleden die de erfelijke aanleg hebben, moeten regelmatig hun hart laten controleren:<br>- Volwassenen krijgen elke 1 tot 3 jaar een hartfilmpje (ECG, een test die de elektrische activiteit van het hart meet) en een echo van het hart.<br>- Kinderen tussen 10 en 18 jaar krijgen elk jaar een hartfilmpje en een echo van het hart.<br><br>Voor familieleden die de erfelijke aanleg niet hebben, geldt het volgende:<br>- U heeft geen verhoogde kans op HCM.<br>- U hoeft niet naar de hartarts voor controles.<br>- U kunt de erfelijke aanleg niet doorgeven aan uw kinderen.<br><br>Als familieleden zich niet willen laten testen, raden artsen de volgende controles aan:<br>- Volwassenen krijgen elke 1 tot 3 jaar een hartfilmpje en een echo van het hart.<br>- Kinderen tussen 10 en 18 jaar krijgen elk jaar een hartfilmpje en een echo van het hart.'}"
EH_2_1,EH,2,1,40.9181,206,11,7,30.7425,250,18,7,"{'<span>Originele tekst</span>': 'Gesprek met de arts of genetisch consulent<br>Bij het eerste bezoek aan de Polikliniek heeft u een afspraak met een arts (een klinisch geneticus of een arts-assistent) of een genetisch consulent. Tijdens dit gesprek komen uw vragen aan de orde en zullen stappen worden ondernomen om uw vragen te kunnen beantwoorden.<br><br><span style=\'visibility:hidden\'>//</span><br><span style=\'visibility:hidden\'>//</span><br>Onderzoek<br>Op basis van het gesprek met de arts wordt gekeken of het laten doen van DNA-onderzoek zinvol is. Om duidelijkheid te krijgen over de oorzaak van de hartziekte, kan het zijn dat er medische gegevens van een familielid moeten worden opgevraagd. Heel soms wordt aanvullend onderzoek gedaan door de cardioloog. Wanneer wordt besloten om DNA-onderzoek te doen, kan hiervoor vaak aansluitend aan het gesprek bloed worden afgenomen.<br><br><span style=\'visibility:hidden\'>//</span><br>Tijdsduur<br>Het is belangrijk dat het erfelijkheidsonderzoek zorgvuldig wordt gedaan. Daarom is vaak enige tijd nodig.<br><br>Wanneer u de eerste bent in uw familie bij wie DNA-onderzoek naar een mogelijke erfelijke oorzaak wordt gedaan, duurt het erfelijkheidsonderzoek, inclusief DNA-onderzoek, vaak enkele maanden vanaf het eerste gesprek totdat u de definitieve uitslag krijgt. Tijdens het eerste gesprek wordt besproken wanneer u de uitslag krijgt. DNA-onderzoek bij familieleden duurt meestal veel korter, omdat er dan alleen wordt gekeken of de specifieke mutatie die in de familie voorkomt aanwezig is.', '<span>Versimpelde tekst</span>': 'Gesprek met de arts of genetisch consulent<br>U heeft eerst een gesprek op de polikliniek (de afdeling voor mensen die niet in het ziekenhuis zijn opgenomen). Dit gesprek is met een arts of een genetisch consulent. Een genetisch consulent is iemand die veel weet over erfelijke ziektes en u daar uitleg over geeft. Tijdens dit gesprek bespreekt u uw vragen. De arts of consulent legt u uit welke stappen nodig zijn om antwoord te krijgen op uw vragen.<br><br>Onderzoek<br>Tijdens het gesprek bekijkt de arts of een DNA-onderzoek nuttig is voor u. Bij een DNA-onderzoek kijken we naar uw erfelijk materiaal (de informatie die u van uw ouders heeft gekregen en die bepaalt hoe uw lichaam werkt). Soms hebben we informatie nodig over de gezondheid van uw familieleden. Dit helpt ons om de oorzaak van de hartziekte beter te begrijpen. In enkele gevallen doet de cardioloog (hartarts) extra onderzoek. Als DNA-onderzoek nodig is, kunnen we meestal direct na het gesprek wat bloed bij u afnemen.<br><br>Tijdsduur<br>We doen het erfelijkheidsonderzoek heel zorgvuldig. Dit kost tijd. <br><br><span style=\'visibility:hidden\'>//</span><br>Als u de eerste persoon in uw familie bent die DNA-onderzoek krijgt, duurt het onderzoek meestal enkele maanden. Deze tijd gaat in vanaf uw eerste gesprek tot het moment dat u de uitslag krijgt. De arts vertelt u tijdens het eerste gesprek wanneer u de uitslag kunt verwachten. Voor uw familieleden gaat het DNA-onderzoek meestal sneller. Bij hen kijken we alleen of zij dezelfde erfelijke verandering (mutatie) hebben die al in uw familie is gevonden.'}"
EH_1_5,EH,1,5,54.1797,207,11,9,36.3710,231,22,10,"{'<span>Originele tekst</span>': 'Uitleg Pompfunctie<br>Hoe werkt een gezond hart?<br>Het hart is een krachtige pomp: het zorgt ervoor dat bloed door het lichaam wordt rondgepompt. Het hart bestaat uit spierweefsel (in medische termen “myocard”). Het hart is opgebouwd uit 4 kamers:<br>- 2 boezems (in medische termen “atria”): via de boezems stroomt het bloed het hart in en wordt het naar de kamers gepompt;<br>- 2 kamers (in medische termen “ventrikels”): de kamers pompen het bloed naar de longen (de rechterkamer) of het lichaam in (de linkerkamer).<br><br><span style=\'visibility:hidden\'>//</span><br>De rechterkant van het hart ontvangt zuurstofarm bloed vanuit het lichaam en pompt dit naar de longen om er daar zuurstof aan toe te voegen en om kooldioxide (een afvalproduct) af te geven.<br><br><span style=\'visibility:hidden\'>//</span><br><span style=\'visibility:hidden\'>//</span><br>De linkerkant van het hart ontvangt vervolgens het zuurstofrijke bloed vanuit de longen en pompt dit via de grote lichaamsslagaders het hart uit. Via slagaders wordt vervolgens het gehele lichaam van zuurstofrijk bloed voorzien.<br><br>Aan de bovenkant van de rechterboezem ontstaat de elektrische prikkel (bij de zogeheten sinusknoop). Deze elektrische prikkel zorgt ervoor dat de spiercellen in het hart samentrekken. Door deze elektrische activiteit en daarmee de samentrekking van het hart, wordt bloed rondgepompt.<br><br>De 4 kleppen van het hart zorgen ervoor dat het bloed één richting op stroomt.', '<span>Versimpelde tekst</span>': 'Uitleg hoe het hart pompt<br>Hoe werkt een gezond hart?<br>Het hart is een sterke spier die als pomp werkt: het zorgt ervoor dat bloed door het hele lichaam stroomt. Het hart heeft 4 ruimtes:<br><br>Het hart heeft twee soorten ruimtes:<br>- De boezems (ook wel “atria” genoemd) zijn de twee bovenste ruimtes. Hier stroomt het bloed eerst naartoe voordat het naar de kamers gaat.<br>- De kamers (ook wel “ventrikels” genoemd) zijn de twee onderste ruimtes. De rechterkamer pompt bloed naar de longen. De linkerkamer pompt bloed naar de rest van het lichaam.<br><br>De rechterkant van het hart heeft een speciale taak. Deze ontvangt bloed waar weinig zuurstof in zit uit het lichaam. Dit bloed pompt het hart naar de longen. In de longen komt er nieuwe zuurstof bij en gaat er kooldioxide (een afvalstof) uit het bloed.<br><br>De linkerkant van het hart heeft ook een speciale taak. Deze krijgt het bloed met veel zuurstof uit de longen. Dit bloed pompt het hart via grote bloedvaten (de slagaders) naar de rest van het lichaam.<br><br>Bovenin de rechterboezem zit een speciaal plekje (de sinusknoop). Hier ontstaat een elektrisch signaaltje. Dit signaaltje zorgt ervoor dat de hartspier samentrekt. Door dit samentrekken wordt het bloed rondgepompt.<br><br><span style=\'visibility:hidden\'>//<br></span>Het hart heeft 4 kleppen. Deze kleppen zorgen ervoor dat het bloed maar één kant op kan stromen.'}"
EH_1_4,EH,1,4,46.9913,270,22,8,35.5811,263,21,14,"{'<span>Originele tekst</span>': 'Wanneer u bij de cardioloog bent, is het mogelijk dat hij of zij één van deze onderzoeken voor u aanvraagt. Voorafgaand aan het onderzoek ontvangt u meer informatie over de voorbereiding, uitvoering en de uitslag van het onderzoek.<br><br>Elektrocardiogram (ECG of hartfilmpje)<br>Bij een elektrocardiogram worden de elektrische signalen van het hart geregistreerd met behulp van elektroden. Voor het onderzoek smeert de assistent eerst een beetje gel op uw borst. Vervolgens worden aantal draden (elektroden) met plakkers op uw borst, de polsen en de enkels geplakt. Deze elektroden zijn verbonden met een ECG-apparaat. Het ECG-apparaat vergelijkt en analyseert een aantal hartslagen. Hier voelt u niets van. Het maken van een elektrocardiogram duurt enkele minuten.<br><br><span style=\'visibility:hidden\'>//</span><br>Echocardiogram (ECHO)<br>Een echocardiogram is een ultrageluidscan van het hart. Hierbij ontstaat een beeld van de vorm en beweging van het hart. Hiermee kan de cardioloog meer te weten komen over de werking en de anatomie van uw hartspier en hartkleppen.<br><br>Bij een echocardiogram van het hart worden met geluidsgolven beelden gemaakt van het hart. Deze beelden zijn te zien op een monitor. U voelt niets van het onderzoek. De geluidsgolven die worden gebruikt zijn niet schadelijk en zijn zo hoog dat u ze niet kunt horen. Het onderzoek wordt uitgevoerd door een biotechnicus of een arts. Hierbij smeert de biotechnicus of de arts eerst wat gel op uw borst. Hiermee wordt gezorgd voor optimale geluidsoverdracht. Vervolgens worden 3 elektroden op uw borst geplaatst om uw hartritme in beeld te brengen. Met een apparaatje (zogeheten transducer) wordt uw hart in beeld gebracht vanuit meerdere richtingen. Het maken van een echocardiogram duurt ongeveer 20 tot 40 minuten.', '<span>Versimpelde tekst</span>': 'Als u bij de hartarts (cardioloog) komt, kan hij of zij één van deze onderzoeken voor u aanvragen. U krijgt vooraf informatie over hoe u zich moet voorbereiden, hoe het onderzoek gaat en wanneer u de uitslag krijgt.<br><br>Hartfilmpje (ECG of elektrocardiogram)<br>Een hartfilmpje laat zien hoe de elektrische activiteit in uw hart werkt. Dit gebeurt met kleine plaatjes (elektroden) die op uw huid worden geplakt. De onderzoeker doet het volgende:<br>- Hij of zij smeert wat gel op uw borst.<br>- Hij of zij plakt de elektroden op uw borst, polsen en enkels.<br>- Hij of zij verbindt de elektroden met een speciaal apparaat.<br><br>Het apparaat meet dan een aantal hartslagen. U voelt hier niets van. Het hele onderzoek duurt maar een paar minuten.<br><br>Echo van het hart (echocardiogram)<br>Een echo van het hart is een onderzoek met geluidsgolven. Dit onderzoek laat zien hoe uw hart eruitziet en hoe het beweegt. De hartarts kan hiermee bekijken hoe uw hartspier en hartkleppen werken.<br><br>Zo gaat het onderzoek:<br>- De onderzoeker smeert wat gel op uw borst om de geluidsgolven goed door te laten.<br>- Hij of zij plakt drie kleine plaatjes (elektroden) op uw borst om uw hartslag te meten.<br>- Met een speciaal apparaatje (transducer) maakt de onderzoeker beelden van uw hart vanuit verschillende kanten.<br><br>U voelt niets van dit onderzoek. De geluidsgolven zijn niet schadelijk en zo hoog dat u ze niet kunt horen. De beelden zijn direct te zien op een beeldscherm. Een arts of speciaal opgeleide onderzoeker (biotechnicus) voert het onderzoek uit. Het duurt ongeveer 20 tot 40 minuten.'}"
EH_1_3,EH,1,3,63.2758,294,9,7,35.0266,256,18,13,"{'<span>Originele tekst</span>': 'Leven met de erfelijke hartziekte in uw familie…<br>Mensen die te weten komen dat ze een erfelijke (aanleg voor een) hartziekte hebben, schrikken hier vaak van. Het hebben en het kunnen doorgeven van een erfelijke hartziekte, het opvoeden van kinderen met een (erfelijke aanleg voor een) hartziekte en het hebben van familieleden die klachten van de hartziekte hebben of hieraan zijn overleden, kunnen u zorgen baren.<br><br><span style=\'visibility:hidden\'>//</span><br><span style=\'visibility:hidden\'>//</span><br>Informeren van familieleden<br>Wanneer een erfelijke hartziekte wordt vastgesteld en een mutatie (verandering in het DNA) wordt gevonden die de erfelijke hartziekte (waarschijnlijk) veroorzaakt (klasse 4 of 5 mutatie), hebben naaste familieleden (ouders, kinderen en broers en/of zussen) 50% kans deze erfelijke aanleg ook bij zich te dragen.<br><br>Als familieleden weten dat er een erfelijke hartziekte is vastgesteld en (waarschijnlijk) de oorzaak in het DNA (klasse 4 of 5 mutatie) is gevonden, kunnen zij zich laten informeren over de voor- en nadelen van voorspellend genetisch onderzoek op een Polikliniek Cardiogenetica. Hierbij kan vervolgens ook aansluitend DNA-onderzoek worden gedaan om na te gaan of zij de erfelijke aanleg (mutatie) ook hebben.<br><br>Familieleden die vervolgens drager blijken te zijn van de erfelijke aanleg voor de hartziekte, kunnen zich regelmatig door de cardioloog laten onderzoeken en op tijd behandeld worden. Niet alleen de eigen gezondheidswinst kan een reden zijn voor uw familieleden om zich te laten onderzoeken, ook een kinderwens kan een reden zijn om op de hoogte te willen zijn van een erfelijke ziekte in de familie. Om deze redenen is het wenselijk om uw familieleden op de hoogte te brengen van (de erfelijke aanleg voor) de erfelijke hartziekte in uw familie.<br><br>De arts of genetisch consulent heeft in het uitslaggesprek en in de uitslagbrief aangegeven welke familieleden als eerste moeten worden geïnformeerd en in aanmerking komen voor verder onderzoek.', '<span>Versimpelde tekst</span>': 'Leven met een erfelijke hartziekte in uw familie kan moeilijk zijn. Het kan veel emoties oproepen als u hoort dat u een erfelijke hartziekte heeft of hier aanleg voor heeft. U kunt zich zorgen maken over verschillende dingen:<br>- U kunt de ziekte doorgeven aan uw kinderen.<br>- U moet omgaan met kinderen die de ziekte of aanleg hiervoor hebben.<br>- U heeft familieleden die ziek zijn door deze hartziekte.<br>- U heeft familieleden verloren aan deze ziekte.<br><br>Het informeren van uw familie<br>Als artsen een erfelijke hartziekte vinden, ontdekken ze vaak een verandering in het DNA (ook wel mutatie genoemd). Deze verandering is meestal de oorzaak van de hartziekte. In dat geval hebben uw naaste familieleden (ouders, kinderen, broers en zussen) 50% kans dat zij deze erfelijke aanleg ook hebben.<br><br>Uw familieleden kunnen zich laten onderzoeken bij een speciale hartafdeling (Polikliniek Cardiogenetica). Daar krijgen zij uitleg over de voor- en nadelen van genetisch onderzoek. Ze kunnen dan ook direct hun DNA laten onderzoeken om te zien of zij de erfelijke aanleg hebben.<br><br><span style=\'visibility:hidden\'>//</span><br><span style=\'visibility:hidden\'>//</span><br>Er zijn belangrijke redenen waarom familieleden zich kunnen laten onderzoeken:<br>- Als zij de erfelijke aanleg hebben, kan een cardioloog (hartarts) hen regelmatig controleren.<br>- De cardioloog kan dan op tijd beginnen met een behandeling als dat nodig is.<br>- Bij een kinderwens is het belangrijk om te weten of er een erfelijke ziekte in de familie voorkomt.<br><br><span style=\'visibility:hidden\'>//</span><br>Uw arts of genetisch consulent (een deskundige op het gebied van erfelijkheid) heeft u verteld welke familieleden u als eerste moet informeren. Deze informatie staat ook in de brief met uw uitslag.'}"
EH_1_2,EH,1,2,44.9697,215,18,7,37.7921,233,17,16,"{'<span>Originele tekst</span>': 'Wat is erfelijkheid?<br>Ieder menselijk lichaam is opgebouwd uit miljarden cellen. Elke cel heeft een celkern. In elke celkern in ons lichaam zitten zogeheten chromosomen. Een groot gedeelte van deze chromosomen bestaat uit DNA. Een stuk DNA dat de code bevat voor één eigenschap, noemen we een gen. Onze genen bestaan uit codes die de erfelijke eigenschappen bepalen. Deze codes bestaan uit de specifieke volgorde van 4 bouwstenen, namelijk: Adenine (A), Cytosine (C), Guanine (G) en Thymine (T). Al deze bouwstenen op een rij vormen het DNA.<br><br><span style=\'visibility:hidden\'>//</span><br><span style=\'visibility:hidden\'>//</span><br><span style=\'visibility:hidden\'>//</span><br><span style=\'visibility:hidden\'>//</span><br><span style=\'visibility:hidden\'>//</span><br><span style=\'visibility:hidden\'>//</span><br><span style=\'visibility:hidden\'>//</span><br>Chromosomen<br>Zoals genoemd bevat elke celkern chromosomen: 46 om precies te zijn.<br><br>Geslachtchromosen<br>Er zijn 22 chromosoomparen (nummers 1 tot en met 22) en één paar geslachtschromosomen. Dit betekent dat we elk chromosoom en daarmee ook de genen, dubbel hebben. Het 23ste paar chromosomen zijn de geslachtschromosomen. De geslachtschromosomen van een vrouw bestaan uit 2 dezelfde chromosomen (XX). De geslachtschromosomen van een man bestaan uit 2 verschillende chromosomen (XY). Van elk paar chromosomen is één chromosoom van de vader en één van de moeder.<br><br><span style=\'visibility:hidden\'>//</span><br><span style=\'visibility:hidden\'>//</span><br><span style=\'visibility:hidden\'>//</span><br>Wanneer de eicel door de zaadcel wordt bevrucht, word van elk paar chromosomen één chromosoom doorgegeven aan het kind. Bij de bevruchting komen deze 2 chromosomen samen en vormen zij weer een paar: één chromosoom van de moeder en één chromosoom van de vader.', '<span>Versimpelde tekst</span>': 'Wat is erfelijkheid?<br>Uw lichaam bestaat uit miljarden kleine deeltjes die we cellen noemen. In elke cel zit een kern (het controlecentrum van de cel). In deze kern zitten chromosomen (dragers van erfelijke informatie). Een groot deel van deze chromosomen bestaat uit DNA (de stof die erfelijke eigenschappen doorgeeft).<br><br>Een gen is een stukje DNA dat één erfelijke eigenschap bepaalt. Genen bevatten codes die vastleggen hoe u eruit ziet en hoe uw lichaam werkt. Deze codes bestaan uit vier verschillende bouwstenen:<br>- Adenine (A)<br>- Cytosine (C)<br>- Guanine (G)<br>- Thymine (T)<br><br>Al deze bouwstenen samen vormen uw DNA.<br><br>Chromosomen<br>Elke celkern in uw lichaam bevat 46 chromosomen.<br><br><span style=\'visibility:hidden\'>//</span><br>Geslachtschromosomen<br>De chromosomen in uw lichaam zijn verdeeld in paren:<br>- U heeft 22 paren gewone chromosomen (genummerd van 1 tot en met 22).<br>- U heeft 1 paar geslachtschromosomen (chromosomen die bepalen of u een man of vrouw bent).<br><br>Dit betekent dat u elk chromosoom, en daarmee ook de genen, twee keer heeft. Bij vrouwen bestaan de geslachtschromosomen uit twee dezelfde chromosomen (XX). Bij mannen bestaan de geslachtschromosomen uit twee verschillende chromosomen (XY). Van elk chromosomenpaar komt één chromosoom van uw vader en één van uw moeder.<br><br>Bij een bevruchting geeft elke ouder één chromosoom van elk paar door aan het kind. Deze chromosomen vormen samen weer nieuwe paren in het kind: één chromosoom van de moeder en één chromosoom van de vader.'}"
EH_1_1,EH,1,1,54.4987,158,12,11,37.1518,158,11,9,"{'<span>Originele tekst</span>': 'Wat is hypertrofische cardiomyopathie?<br>Hypertrofische cardiomyopathie (HCM) is een hartspierziekte. Hierbij is de hartspier, met name het tussenschot tussen de hartkamers, verdikt. HCM is een erfelijke ziekte. Een verdikking van de hartspier kan ook komen door niet-erfelijke oorzaken, zoals een langdurig verhoogde bloeddruk of door het beoefenen van topsport, maar dan noemen we het geen HCM.<br><br>HCM is een relatief veel voorkomende ziekte. Ongeveer 1 op de 500 volwassenen heeft bij cardiologisch onderzoek kenmerken van deze ziekte.<br><br>Klachten en verschijnselen<br>Bij HCM kunnen de verschijnselen ontstaan:<br>- Pijn op de borst<br>- Hartkloppingen<br>- Verminderde conditie en uithoudingsvermogen<br>- Kortademigheid<br>- Hartritmestoornissen: soms kunnen hartritmestoornissen leiden tot wegrakingen, duizelingen of zelfs plotseling overlijden.<br><br><span style=\'visibility:hidden\'>//<br></span>De eerste klachten van HCM treden meestal pas op volwassen leeftijd op. Soms zijn er al verschijnselen op de kinderleeftijd te zien, vanaf ongeveer het 10e levensjaar. Niet iedereen krijgt klachten van HCM. De verdikking van de hartspier kan in de loop van het leven ontstaan en toenemen.', '<span>Versimpelde tekst</span>': '   <br> Hypertrofische cardiomyopathie (HCM) is een erfelijke ziekte waarbij de hartspier dikker wordt dan normaal. Dit gebeurt vooral in het tussenschot, dat is de wand tussen de twee hartkamers. Soms wordt de hartspier ook dikker door andere oorzaken, zoals een hoge bloeddruk die lang aanhoudt of door veel intensieve sport. In die gevallen spreken we niet van HCM.<br><br>HCM komt regelmatig voor. Als artsen mensen onderzoeken, zien ze bij ongeveer 1 op de 500 volwassenen tekenen van deze ziekte.<br><br><span style=\'visibility:hidden\'>//<br>//<br></span>Bij HCM kunnen de klachten voorkomen:<br>- Pijn op de borst<br>- Hartkloppingen<br>- Verminderde conditie en uithoudingsvermogen<br>- Kortademigheid<br>- Verstoringen in het hartritme (hartritmestoornissen): deze kunnen soms zorgen dat mensen flauwvallen, duizelig worden of in zeldzame gevallen plotseling overlijden.<br><br>De eerste klachten van HCM komen meestal pas als mensen volwassen zijn. Soms zijn er al verschijnselen te zien bij kinderen vanaf ongeveer 10 jaar. Niet iedereen met HCM krijgt klachten. De hartspier kan in de loop van iemands leven steeds dikker worden.'}"